{
  "metadata": {
    "name": "Net Truyện",
    "author": "Gyn",
    "version": 15,
    "source": "https://www.nettruyen.dev",
    "regexp": "(www.)?(nhattruyen.com|nettruyen.dev|nettruyenqueen.com|nettruyen.com|nettruyentop.com|nettruyenvip.com|nettruyenpro.com|nettruyengo.com|nettruyenmoi.com|nettruyenone.com|nettruyenco.com|nettruyenme.com|nettruyenin.com|nettruyenon.com|nettruyentv.com|nettruyenmin.com)/truyen-tranh/[^/]+/?$",
    "description": "Đọc truyện trên trang Net Truyện",
    "locale": "vi_VN",
    "language": "javascript",
    "type": "comic"
  },
  "script": {
    "home": "home.js",
    "genre": "genre.js",
    "detail": "detail.js",
    "search": "search.js",
    "toc": "toc.js",
    "chap": "chap.js"
  }
}